date,time,headline
Jul-01-20,09:49PM  ,National Beverage Posts Fizzy Results for Q4 and Full-Year Fiscal 2020
Jul-01-20,05:19PM  ,National Beverage Corp. Gives Rise to the Companion of Heroes  LACROIX
Jun-29-20,12:33PM  ,National Beverage Corp. States LaCroix Leads the Category on Reported Scans / Sales
Jun-22-20,09:00AM  ,NCR Corp. Names New Chief Financial Officer
Jun-19-20,12:46PM  ,Should You Avoid National Beverage Corp. (FIZZ)?
Jun-17-20,12:30PM  ,Analysts Estimate National Beverage (FIZZ) to Report a Decline in Earnings: What to Look Out for
Jun-15-20,11:31AM  ,"T. Rowe Price and Align Technology Show High Profit, Low Debt"
Jun-15-20,08:58AM  ,Here's Why Boston Beer Stock Continues to Display Strength
Jun-10-20,05:05PM  ,5 Defensive Companies Boosting Book Value
Jun-05-20,01:46PM  ,Why National Beverage Stock Rose 13% in May
Jun-05-20,01:30PM  ,NCR to Participate in RBC Capital Markets Financial Technology Virtual Conference
Jun-05-20,11:07AM  ,NCR Corporation (NCR): Hedge Funds Sticking Around
Jun-02-20,11:30AM  ,Has National Beverage (FIZZ) Outpaced Other Consumer Staples Stocks This Year?
May-29-20,03:15PM  ,Payments industry veteran Martire to seek $375 mln for investment vehicle -source
May-08-20,06:57AM  ,"Before You Buy National Beverage Corp. (NASDAQ:FIZZ), Consider Its Volatility"
May-01-20,12:27PM  ,Beyond Meat Stock Is a Classic Bull Trap
Apr-29-20,11:30AM  ,Has National Beverage (FIZZ) Outpaced Other Consumer Staples Stocks This Year?
Apr-23-20,11:33AM  ,New Strong Buy Stocks for April 23rd
Apr-21-20,12:03PM  ,"National Beverage, ASGN, British Petroleum, Chevron and ExxonMobil highlighted as Zacks Bull and Bear of the Day"
Apr-21-20,06:00AM  ,Bull of the Day: National Beverage Corp (FIZZ)
Apr-15-20,07:46AM  ,A Rising Share Price Has Us Looking Closely At National Beverage Corp.'s (NASDAQ:FIZZ) P/E Ratio
Apr-13-20,10:19AM  ,"The Zacks Analyst Blog Highlights: Grocery Outlet, SunOpta, National Beverage, Conagra Brands and General Mills"
Apr-10-20,11:30AM  ,Is National Beverage (FIZZ) Outperforming Other Consumer Staples Stocks This Year?
Apr-09-20,07:24AM  ,5 Surging Consumer Staple Stocks to Minimize Coronavirus Woes
Apr-06-20,09:54PM  ,National Beverage Corp. (FIZZ): Are Hedge Funds Right About This Stock?
Apr-01-20,10:34AM  ,Top Ranked Momentum Stocks to Buy for April 1st
Mar-30-20,07:16AM  ,Are National Beverage Corp.s (NASDAQ:FIZZ) High Returns Really That Great?
Mar-18-20,10:07AM  ,Procter & Gamble (PG) Looks Good: Stock Adds 9% in Session
Mar-13-20,04:08PM  ,6 Undervalued Stocks Growing Earnings
Mar-05-20,05:55PM  ,National Beverage (FIZZ) Q3 Earnings and Revenues Top Estimates
Mar-05-20,04:45PM  ,National Beverage Corp. Reports on Stimulus Action Results
Mar-04-20,10:50AM  ,LaCroixs Spring Taste is . . . UP!!
Feb-27-20,12:30PM  ,Analysts Estimate National Beverage (FIZZ) to Report a Decline in Earnings: What to Look Out for
Feb-25-20,07:09AM  ,What Does National Beverage Corp.'s (NASDAQ:FIZZ) Share Price Indicate?
Feb-20-20,02:51PM  ,"Lawsuit against LaCroix parent company withdrawn, claims retracted"
Feb-19-20,09:00AM  ,LaCroix Victorious in Litigation . . .Claims Completely Retracted
Feb-14-20,11:27AM  ,2 Underperforming Holdings to Reduce
Feb-05-20,07:48AM  ,Does National Beverage Corp.'s (NASDAQ:FIZZ) CEO Pay Reflect Performance?
Feb-04-20,03:00AM  ,"FOCUS-Bottled water firms turn on the taps with filters, flavours and fizz"
Jan-31-20,10:32AM  ,"KB Home, National Beverage, Amazon, Visa and Amgen highlighted as Zacks Bull and Bear of the Day"
Jan-31-20,06:00AM  ,Bear of the Day: National Beverage Corp. (FIZZ)
Jan-18-20,08:53AM  ,Does This Valuation Of National Beverage Corp. (NASDAQ:FIZZ) Imply Investors Are Overpaying?
Jan-17-20,09:48AM  ,"Forget Lyft, Buy These 2 Stocks Instead"
Dec-31-19,02:20PM  ,National Beverage Corp. (NASDAQ:FIZZ) Delivered A Better ROE Than Its Industry
Dec-26-19,10:35AM  ,New Strong Sell Stocks for December 26th
Dec-18-19,01:50PM  ,Beyond Meat Stock Is Worth At Least a Look
Dec-18-19,08:28AM  ,New Strong Sell Stocks for December 18th
Dec-12-19,07:16PM  ,Is National Beverage Corp. (FIZZ) A Good Stock To Buy ?
Dec-10-19,03:04PM  ,National Beverage results indicate Nielsen tracking is missing a lot of LaCroix sales
Dec-09-19,12:08PM  ,Target will spend $3 billion a year to remodel stores and more: CEO
Dec-08-19,06:52AM  ,"How Does National Beverage's (NASDAQ:FIZZ) P/E Compare To Its Industry, After Its Big Share Price Gain?"
Dec-06-19,10:00AM  ,National Beverage Advocates the Gift of Hope for the Kids of St. Jude
Dec-06-19,09:30AM  ,Is the Options Market Predicting a Spike in National Beverage (FIZZ) Stock?
Dec-06-19,06:58AM  ,Is National Beverage Corp. (NASDAQ:FIZZ) A Smart Choice For Dividend Investors?
Dec-05-19,06:25PM  ,National Beverage (FIZZ) Surpasses Q2 Earnings Estimates
Dec-05-19,05:15PM  ,National Beverage Corp. Reports Solid Second Quarter Results With Confident Enthusiasm
Dec-04-19,06:18PM  ,Are These 3 Sell-Rated Stocks Wildly Overvalued?
Nov-28-19,10:30AM  ,Analysts Estimate National Beverage (FIZZ) to Report a Decline in Earnings: What to Look Out for
Nov-20-19,02:59PM  ,What Coca-Cola's new sparkling water means for La Croix
Nov-18-19,09:22AM  ,Does National Beverage's (NASDAQ:FIZZ) Share Price Gain of 70% Match Its Business Performance?
Nov-08-19,07:27AM  ,"Coca-Cola launching a new sparkling water brand, Aha, in March 2020"
Nov-07-19,10:13AM  ,Coca-cola to launch seltzer brand in 2020
Nov-07-19,09:30AM  ,Coca-Cola launches its biggest new drink in 10 years
Oct-29-19,08:07AM  ,What Kind Of Share Price Volatility Should You Expect For National Beverage Corp. (NASDAQ:FIZZ)?
Oct-21-19,10:07AM  ,Is National Beverage Corp. (FIZZ) A Good Stock To Buy?
Oct-09-19,06:38AM  ,Should You Like National Beverage Corp.s (NASDAQ:FIZZ) High Return On Capital Employed?
Oct-08-19,09:18AM  ,What Does PepsiCo's Q3 Earnings Indicate About Its Future?
Sep-21-19,09:44AM  ,Have Insiders Been Buying National Beverage Corp. (NASDAQ:FIZZ) Shares?
Sep-17-19,09:40AM  ,BTVCY vs. FIZZ: Which Stock Is the Better Value Option?
Sep-06-19,06:00PM  ,National Beverage Earnings Fall as La Croix Struggles to Regain Its Footing
Sep-06-19,10:47AM  ,"Companies to Watch: Lululemon outperforms, Zoom Video raises forecast, LaCroixs parent company comes up short"
Sep-06-19,10:27AM  ,"Companies to Watch: Lululemon outperforms, Zoom Video raises forecast, LaCroixs parent company comes up short"
Sep-06-19,08:25AM  ,National Beverage Goes Flat on First-Quarter Revenue Miss
Sep-05-19,06:35PM  ,National Beverage (FIZZ) Q1 Earnings Meet Estimates
Sep-05-19,05:18PM  ,National Beverage Corp. Reports Comparative Results
Sep-03-19,11:56AM  ,Should You Think About Buying National Beverage Corp. (NASDAQ:FIZZ) Now?
Sep-03-19,06:30AM  ,This Week I'm Watching These 3 Stocks
Aug-29-19,11:16AM  ,Earnings Preview: National Beverage (FIZZ) Q1 Earnings Expected to Decline
Aug-20-19,10:45AM  ,Do You Know What National Beverage Corp.'s (NASDAQ:FIZZ) P/E Ratio Means?
Aug-05-19,06:02AM  ,A Holistic Look At National Beverage Corp. (NASDAQ:FIZZ)
Aug-02-19,11:08AM  ,"LaCroix In, Books Out as National Beverage Jumps on S&P 600 Nod"
Aug-01-19,07:17PM  ,Shareholder Alert: Robbins Arroyo LLP is Investigating the Officers and Directors of National Beverage Corp. (FIZZ) on behalf of Shareholders
Aug-01-19,06:12PM  ,Leidos Holdings & IDEX Set to Join S&P 500; Grubhub & Foot Locker to Join S&P MidCap 400; National Beverage to Join S&P SmallCap 600
Jul-29-19,10:16AM  ,"Zoom Video Communications, National Beverage, Facebook, PayPal and Microsoft highlighted as Zacks Bull and Bear of the Day"
Jul-29-19,06:10AM  ,Bear of the Day: National Beverage (FIZZ)
Jul-25-19,02:40PM  ,10 Heavily Shorted Stocks to Sell  Because the Bears Are Right
Jul-23-19,11:39AM  ,Coke beating earnings raises revenue forecast for the beverage company
Jul-22-19,09:23AM  ,Will National Beverage Corp.'s (NASDAQ:FIZZ) Earnings Grow In The Next Couple Of Years?
Jul-18-19,02:08PM  ,"SHAREHOLDER ALERT: Barrack, Rodos & Bacine Investigates Claims On Behalf of Investors of National Beverage Corp. - FIZZ"
Jul-18-19,01:11PM  ,The 10 Biggest Consumer Staples Stocks
Jul-10-19,07:51PM  ,National Beverage Closes Out a Tough Year
Jul-08-19,06:17AM  ,Are National Beverage Corp. (NASDAQ:FIZZ) Investors Paying Above The Intrinsic Value?
Jul-02-19,10:05AM  ,Should Value Investors Pick National Beverage (FIZZ) Stock?
Jun-27-19,04:14PM  ,Jefferies Pours Some Fizz On National Beverage's Earnings
Jun-27-19,01:18PM  ,Stock analyst advises investors to sell LaCroix stock
Jun-27-19,11:35AM  ,An Update on National Beverage
Jun-27-19,09:43AM  ,Bears Circle LaCroixs Owner as Wall Street Sees an Uphill Battle
Jun-26-19,04:30PM  ,National Beverage Corp. Updates Shareholders and Consumers
Jun-26-19,01:58PM  ,LaCroix parent issues appeal to customers as stock tumbles
Jun-26-19,09:04AM  ,LaCroix reaches out to consumers in an effort to counter 'false' accusations
